{"cameraMode":{"drawMode":0,"name":"Shaded","section":"Shading Mode"},"sceneLighting":false,"audioPlay":false,"sceneViewState":{"showFog":true,"showMaterialUpdate":false,"showSkybox":false,"showFlares":true,"showImageEffects":true,"showParticleSystems":true},"in2DMode":false,"pivot":{"x":-9.067439079284668,"y":0.8572521209716797,"z":7.237789630889893},"rotation":{"x":-0.1261078268289566,"y":-0.608245849609375,"z":0.09866371005773545,"w":-0.7774312496185303},"size":7.2807936668396,"orthographic":false}