{"cameraMode":{"drawMode":0,"name":"Shaded","section":"Shading Mode"},"sceneLighting":false,"audioPlay":false,"sceneViewState":{"showFog":true,"showMaterialUpdate":false,"showSkybox":false,"showFlares":true,"showImageEffects":true,"showParticleSystems":true},"in2DMode":false,"pivot":{"x":5.89108943939209,"y":0.9692938327789307,"z":7.476321220397949},"rotation":{"x":-0.04989597573876381,"y":-0.3258606791496277,"z":0.01722446084022522,"w":-0.9439430832862854},"size":12.78520679473877,"orthographic":false}