{"cameraMode":{"drawMode":0,"name":"Shaded","section":"Shading Mode"},"sceneLighting":false,"audioPlay":false,"sceneViewState":{"showFog":true,"showMaterialUpdate":false,"showSkybox":false,"showFlares":true,"showImageEffects":true,"showParticleSystems":true},"in2DMode":false,"pivot":{"x":20.547700881958009,"y":5.964753150939941,"z":3.6293258666992189},"rotation":{"x":-0.2014179825782776,"y":0.00646159378811717,"z":-0.0013289522612467409,"w":-0.9794831871986389},"size":32.97323226928711,"orthographic":false}